{"eth":{"total-users":135.345,"total-volume":72671430835.68086,"total-trades":3129307},"polygon":{"total-users":77966,"total-volume":54194,"total-trades":6341565921.743551}}