{"eth":{"total-users":135.345,"total-volume":72671430835.68086,"total-trades":3129307},"polygon":{"total-users":77966,"total-volume":54194,"total-trades":6356731403.056478},"bsc":{"total-users":269256,"total-volume":10048403615.531769,"total-trades":1929091}}